product_id,post_title,slug,short_description,description,image_url,price,sku,category,product_type,tags,rating,review_count,last_updated,faq_json,schema_json,stock_type,images,attributes,variations,template,generate_id_html,enable_adsense
1094087,Glutathione Collagen Glow Capsules Collagen Anti-aging Skin Formula 60 Tablets,glutathione-collagen-glow-capsules-collagen-anti-aging-skin-formula-60-tablets-2,"High-Potency Glutathione & Collagen Capsules (60ct). Achieve visible skin glow, reduce hyperpigmentation, and boost structural support.","The Dual-Action Glow Formula: This 60-capsule formula combines the powerful detoxifying and brightening properties of Glutathione with the essential structural support of Collagen. Enhanced with Vitamin C for maximized bioavailability and faster, more effective skin-brightening results. Key Benefits: Reduces dark spots and sun damage; Improves skin elasticity and firmness; Provides antioxidant defense against free radicals.",https://nilgiristores.in/wp-content/uploads/2024/10/s-l500-81.webp | https://i.ebayimg.com/images/g/-8sAAOSwTGBm4~~C/s-l960.webp | https://i.ebayimg.com/images/g/8yEAAOSwo~dm4~~E/s-l960.webp | https://i.ebayimg.com/images/g/-XUAAOSwFkBm4~~H/s-l960.webp,5850,fd921038313a,Anti-ageing,30days,30days,4.5,12,15/11/2025,"[{""question"": ""How does Glutathione help with skin brightening?"", ""answer"": ""Glutathione is a powerful antioxidant that inhibits melanin production, helping to reduce dark spots, hyperpigmentation, and sun damage for a brighter, more even skin tone.""}, {""question"": ""Can I take this with other supplements?"", ""answer"": ""Yes, this formula is safe to combine with most supplements. However, consult your healthcare provider if you're taking prescription medications or have specific health conditions.""}, {""question"": ""How long before I see results?"", ""answer"": ""Most users notice visible improvements in skin brightness and texture within 4-8 weeks of consistent daily use. Results may vary based on individual skin type and lifestyle factors.""}]","{""@context"": ""https://schema.org"", ""@type"": ""Product"", ""name"": ""Glutathione Collagen Glow Capsules"", ""description"": ""High-potency anti-aging formula combining Glutathione and Collagen for skin brightening and firmness"", ""brand"": {""@type"": ""Brand"", ""name"": ""Generic""}, ""offers"": {""@type"": ""Offer"", ""price"": ""5495"", ""priceCurrency"": ""INR""}, ""aggregateRating"": {""@type"": ""AggregateRating"", ""ratingValue"": ""4.5"", ""reviewCount"": ""12""}}",variable,multiple,"Pack:1 Pack,2 Pack,3 Pack",1 Pack:1950:0|2 Pack:3750:1|3 Pack:5450:2,product-variable.html,yes,yes
1094085,Ancient Nutrition Multi Collagen Vitamin Dietary Supplement 45 Capsules,ancient-nutrition-multi-collagen-vitamin-dietary-supplement-45-capsules-2,"Discover the best in anti-aging solutions!  - High-quality, eco-friendly formulations - Targeted treatments for youthful skin - Affordable solutions for your skincare routine - Sustainable and cruelty-free products - We bring you products with a focus on sustainability, quality, and affordability.  - Achieve radiant, younger-looking skin with our carefully curated anti-aging collection.  Shop for the - Ancient Nutrition Multi Collagen Vitamin Dietary Supplement 45 Capsules","Transform your skincare routine with our premium anti-aging products, designed to rejuvenate and nourish your skin. Whether you’re looking to reduce wrinkles, boost collagen, or improve skin elasticity, our products are crafted with you in mind. Why Choose Our Anti-Aging Products? - Sustainable Ingredients: Eco-friendly and cruelty-free products. Our anti-aging formulas are made with natural ingredients to promote skin health. - Affordable Solutions: We believe in bringing you the best products at reasonable prices. Enjoy the benefits of high-end skincare without breaking the bank. - Proven Results: Our anti-aging products are known for delivering visible improvements. Say goodbye to fine lines and wrinkles with consistent use. - Key Features: *Reduces Fine Lines & Wrinkles *Improves Skin Elasticity *Boosts Collagen Production *Hydrates and Nourishes Skin *Suitable for All Skin Types Shop now - Ancient Nutrition Multi Collagen Vitamin Dietary Supplement 45 Capsules 7495 Anti-Aging (Shahebazuddin)",https://nilgiristores.in/wp-content/uploads/2024/10/s-l500-80.webp,22485,2fe43cbcd10e,Anti-ageing,30days,30days,,,,,,simple,single,,,product-simple.html,,
1094083,Neutrogena Healthy Skin Anti-Aging Foundation 40 Natural To Tan 1oz Ea 3pcs New!,neutrogena-healthy-skin-anti-aging-foundation-40-natural-to-tan-1oz-ea-3pcs-new-2,"Discover the best in anti-aging solutions!  - High-quality, eco-friendly formulations - Targeted treatments for youthful skin - Affordable solutions for your skincare routine - Sustainable and cruelty-free products - We bring you products with a focus on sustainability, quality, and affordability.  - Achieve radiant, younger-looking skin with our carefully curated anti-aging collection.  Shop for the - Neutrogena Healthy Skin Anti-Aging Foundation 40 Natural To Tan 1oz Ea 3pcs New!","Transform your skincare routine with our premium anti-aging products, designed to rejuvenate and nourish your skin. Whether you’re looking to reduce wrinkles, boost collagen, or improve skin elasticity, our products are crafted with you in mind. Why Choose Our Anti-Aging Products? - Sustainable Ingredients: Eco-friendly and cruelty-free products. Our anti-aging formulas are made with natural ingredients to promote skin health. - Affordable Solutions: We believe in bringing you the best products at reasonable prices. Enjoy the benefits of high-end skincare without breaking the bank. - Proven Results: Our anti-aging products are known for delivering visible improvements. Say goodbye to fine lines and wrinkles with consistent use. - Key Features: *Reduces Fine Lines & Wrinkles *Improves Skin Elasticity *Boosts Collagen Production *Hydrates and Nourishes Skin *Suitable for All Skin Types Shop now - Neutrogena Healthy Skin Anti-Aging Foundation 40 Natural To Tan 1oz Ea 3pcs New! 10585 Anti-Aging (Shahebazuddin)",https://nilgiristores.in/wp-content/uploads/2024/10/s-l500-79.webp,31755,1b9d6001be2f,Anti-ageing,30days,30days,,,,,,simple,single,,,product-simple.html,,
1094081,Sisley Suprema At Night The Supreme Anti-Aging Skin Lotion 140ml/4.7fl.oz,sisley-suprema-at-night-the-supreme-anti-aging-skin-lotion-140ml-4-7fl-oz-2,"Discover the best in anti-aging solutions!  - High-quality, eco-friendly formulations - Targeted treatments for youthful skin - Affordable solutions for your skincare routine - Sustainable and cruelty-free products - We bring you products with a focus on sustainability, quality, and affordability.  - Achieve radiant, younger-looking skin with our carefully curated anti-aging collection.  Shop for the - Sisley Suprema At Night The Supreme Anti-Aging Skin Lotion 140ml/4.7fl.oz","Transform your skincare routine with our premium anti-aging products, designed to rejuvenate and nourish your skin. Whether you’re looking to reduce wrinkles, boost collagen, or improve skin elasticity, our products are crafted with you in mind. Why Choose Our Anti-Aging Products? - Sustainable Ingredients: Eco-friendly and cruelty-free products. Our anti-aging formulas are made with natural ingredients to promote skin health. - Affordable Solutions: We believe in bringing you the best products at reasonable prices. Enjoy the benefits of high-end skincare without breaking the bank. - Proven Results: Our anti-aging products are known for delivering visible improvements. Say goodbye to fine lines and wrinkles with consistent use. - Key Features: *Reduces Fine Lines & Wrinkles *Improves Skin Elasticity *Boosts Collagen Production *Hydrates and Nourishes Skin *Suitable for All Skin Types Shop now - Sisley Suprema At Night The Supreme Anti-Aging Skin Lotion 140ml/4.7fl.oz 57500 Anti-Aging (Shahebazuddin)",https://nilgiristores.in/wp-content/uploads/2024/10/s-l500-78.webp,172500,3def5af05b07,Anti-ageing,30days,30days,,,,,,simple,single,,,product-simple.html,,
1094097,Sisley Ecological Compound Day & Night Lotion Anti Age Global Eye Lip Hair LOT 8,sisley-ecological-compound-day-night-lotion-anti-age-global-eye-lip-hair-lot-9,"Discover the best in anti-aging solutions!  - High-quality, eco-friendly formulations - Targeted treatments for youthful skin - Affordable solutions for your skincare routine - Sustainable and cruelty-free products - We bring you products with a focus on sustainability, quality, and affordability.  - Achieve radiant, younger-looking skin with our carefully curated anti-aging collection.  Shop for the - Sisley Ecological Compound Day & Night Lotion Anti Age Global Eye Lip Hair LOT 8","Transform your skincare routine with our premium anti-aging products, designed to rejuvenate and nourish your skin. Whether you’re looking to reduce wrinkles, boost collagen, or improve skin elasticity, our products are crafted with you in mind. Why Choose Our Anti-Aging Products? - Sustainable Ingredients: Eco-friendly and cruelty-free products. Our anti-aging formulas are made with natural ingredients to promote skin health. - Affordable Solutions: We believe in bringing you the best products at reasonable prices. Enjoy the benefits of high-end skincare without breaking the bank. - Proven Results: Our anti-aging products are known for delivering visible improvements. Say goodbye to fine lines and wrinkles with consistent use. - Key Features: *Reduces Fine Lines & Wrinkles *Improves Skin Elasticity *Boosts Collagen Production *Hydrates and Nourishes Skin *Suitable for All Skin Types Shop now - Sisley Ecological Compound Day & Night Lotion Anti Age Global Eye Lip Hair LOT 8 7500 Anti-Aging (Shahebazuddin)",https://nilgiristores.in/wp-content/uploads/2024/10/s-l500-86.webp,22500,8637e2507287,Anti-ageing,30days,30days,,,,,,simple,single,,,product-simple.html,,
1094095,Algenist ADVANCED ANTI AGING REPAIRING OIL 1 ounce New in box Retails $82,algenist-advanced-anti-aging-repairing-oil-1-ounce-new-in-box-retails-83,"Discover the best in anti-aging solutions!  - High-quality, eco-friendly formulations - Targeted treatments for youthful skin - Affordable solutions for your skincare routine - Sustainable and cruelty-free products - We bring you products with a focus on sustainability, quality, and affordability.  - Achieve radiant, younger-looking skin with our carefully curated anti-aging collection.  Shop for the - Algenist ADVANCED ANTI AGING REPAIRING OIL 1 ounce New in box Retails $82","Transform your skincare routine with our premium anti-aging products, designed to rejuvenate and nourish your skin. Whether you’re looking to reduce wrinkles, boost collagen, or improve skin elasticity, our products are crafted with you in mind. Why Choose Our Anti-Aging Products? - Sustainable Ingredients: Eco-friendly and cruelty-free products. Our anti-aging formulas are made with natural ingredients to promote skin health. - Affordable Solutions: We believe in bringing you the best products at reasonable prices. Enjoy the benefits of high-end skincare without breaking the bank. - Proven Results: Our anti-aging products are known for delivering visible improvements. Say goodbye to fine lines and wrinkles with consistent use. - Key Features: *Reduces Fine Lines & Wrinkles *Improves Skin Elasticity *Boosts Collagen Production *Hydrates and Nourishes Skin *Suitable for All Skin Types Shop now - Algenist ADVANCED ANTI AGING REPAIRING OIL 1 ounce New in box Retails $82 27995 Anti-Aging (Shahebazuddin)",https://nilgiristores.in/wp-content/uploads/2024/10/s-l500-85.webp,83985,2e8bf9d7948c,Anti-ageing,30days,30days,,,,,,simple,single,,,product-simple.html,,
1094093,NEW AGELESS By Skinny Body Care Anti-Aging Serum  [15g],new-ageless-by-skinny-body-care-anti-aging-serum-15g-16,"Discover the best in anti-aging solutions!  - High-quality, eco-friendly formulations - Targeted treatments for youthful skin - Affordable solutions for your skincare routine - Sustainable and cruelty-free products - We bring you products with a focus on sustainability, quality, and affordability.  - Achieve radiant, younger-looking skin with our carefully curated anti-aging collection.  Shop for the - NEW AGELESS By Skinny Body Care Anti-Aging Serum  [15g]","Transform your skincare routine with our premium anti-aging products, designed to rejuvenate and nourish your skin. Whether you’re looking to reduce wrinkles, boost collagen, or improve skin elasticity, our products are crafted with you in mind. Why Choose Our Anti-Aging Products? - Sustainable Ingredients: Eco-friendly and cruelty-free products. Our anti-aging formulas are made with natural ingredients to promote skin health. - Affordable Solutions: We believe in bringing you the best products at reasonable prices. Enjoy the benefits of high-end skincare without breaking the bank. - Proven Results: Our anti-aging products are known for delivering visible improvements. Say goodbye to fine lines and wrinkles with consistent use. - Key Features: *Reduces Fine Lines & Wrinkles *Improves Skin Elasticity *Boosts Collagen Production *Hydrates and Nourishes Skin *Suitable for All Skin Types Shop now - NEW AGELESS By Skinny Body Care Anti-Aging Serum [15g] 9995 Anti-Aging (Shahebazuddin)",https://nilgiristores.in/wp-content/uploads/2024/10/s-l500-84.webp,29985,2c98d249b7fb,Anti-ageing,30days,30days,,,,,,simple,single,,,product-simple.html,,
1094091,Whitening and Spots Fading Tea for glow skin and anti-aging,whitening-and-spots-fading-tea-for-glow-skin-and-anti-aging-2,"Discover the best in anti-aging solutions!  - High-quality, eco-friendly formulations - Targeted treatments for youthful skin - Affordable solutions for your skincare routine - Sustainable and cruelty-free products - We bring you products with a focus on sustainability, quality, and affordability.  - Achieve radiant, younger-looking skin with our carefully curated anti-aging collection.  Shop for the - Whitening and Spots Fading Tea for glow skin and anti-aging","Transform your skincare routine with our premium anti-aging products, designed to rejuvenate and nourish your skin. Whether you’re looking to reduce wrinkles, boost collagen, or improve skin elasticity, our products are crafted with you in mind. Why Choose Our Anti-Aging Products? - Sustainable Ingredients: Eco-friendly and cruelty-free products. Our anti-aging formulas are made with natural ingredients to promote skin health. - Affordable Solutions: We believe in bringing you the best products at reasonable prices. Enjoy the benefits of high-end skincare without breaking the bank. - Proven Results: Our anti-aging products are known for delivering visible improvements. Say goodbye to fine lines and wrinkles with consistent use. - Key Features: *Reduces Fine Lines & Wrinkles *Improves Skin Elasticity *Boosts Collagen Production *Hydrates and Nourishes Skin *Suitable for All Skin Types Shop now - Whitening and Spots Fading Tea for glow skin and anti-aging 4285 Anti-Aging (Shahebazuddin)",https://nilgiristores.in/wp-content/uploads/2024/10/s-l500-83.webp,12855,8e3d39a00b63,Anti-ageing,30days,30days,,,,,,simple,single,,,product-simple.html,,
1094089,Lithium Orotate 1000mcg 5X100 Caps Life Extension Brain DNA Health,lithium-orotate-1000mcg-5x100-caps-life-extension-brain-dna-health-2,"Discover the best in anti-aging solutions!  - High-quality, eco-friendly formulations - Targeted treatments for youthful skin - Affordable solutions for your skincare routine - Sustainable and cruelty-free products - We bring you products with a focus on sustainability, quality, and affordability.  - Achieve radiant, younger-looking skin with our carefully curated anti-aging collection.  Shop for the - Lithium Orotate 1000mcg 5X100 Caps Life Extension Brain DNA Health","Transform your skincare routine with our premium anti-aging products, designed to rejuvenate and nourish your skin. Whether you’re looking to reduce wrinkles, boost collagen, or improve skin elasticity, our products are crafted with you in mind. Why Choose Our Anti-Aging Products? - Sustainable Ingredients: Eco-friendly and cruelty-free products. Our anti-aging formulas are made with natural ingredients to promote skin health. - Affordable Solutions: We believe in bringing you the best products at reasonable prices. Enjoy the benefits of high-end skincare without breaking the bank. - Proven Results: Our anti-aging products are known for delivering visible improvements. Say goodbye to fine lines and wrinkles with consistent use. - Key Features: *Reduces Fine Lines & Wrinkles *Improves Skin Elasticity *Boosts Collagen Production *Hydrates and Nourishes Skin *Suitable for All Skin Types Shop now - Lithium Orotate 1000mcg 5X100 Caps Life Extension Brain DNA Health 29475 Anti-Aging (Shahebazuddin)",https://nilgiristores.in/wp-content/uploads/2024/10/s-l500-82.webp,88425,6a83d0345cd4,Anti-ageing,30days,30days,,,,,,simple,single,,,product-simple.html,,
1094103,Sesderma RETI AGE ANTIAGING SERUM 30 ML 1.0fl oz. Retinaldehyde. Retinol,sesderma-reti-age-antiaging-serum-30-ml-1-0fl-oz-retinaldehyde-retinol-2,"Discover the best in anti-aging solutions!  - High-quality, eco-friendly formulations - Targeted treatments for youthful skin - Affordable solutions for your skincare routine - Sustainable and cruelty-free products - We bring you products with a focus on sustainability, quality, and affordability.  - Achieve radiant, younger-looking skin with our carefully curated anti-aging collection.  Shop for the - Sesderma RETI AGE ANTIAGING SERUM 30 ML 1.0fl oz. Retinaldehyde. Retinol","Transform your skincare routine with our premium anti-aging products, designed to rejuvenate and nourish your skin. Whether you’re looking to reduce wrinkles, boost collagen, or improve skin elasticity, our products are crafted with you in mind. Why Choose Our Anti-Aging Products? - Sustainable Ingredients: Eco-friendly and cruelty-free products. Our anti-aging formulas are made with natural ingredients to promote skin health. - Affordable Solutions: We believe in bringing you the best products at reasonable prices. Enjoy the benefits of high-end skincare without breaking the bank. - Proven Results: Our anti-aging products are known for delivering visible improvements. Say goodbye to fine lines and wrinkles with consistent use. - Key Features: *Reduces Fine Lines & Wrinkles *Improves Skin Elasticity *Boosts Collagen Production *Hydrates and Nourishes Skin *Suitable for All Skin Types Shop now - Sesderma RETI AGE ANTIAGING SERUM 30 ML 1.0fl oz. Retinaldehyde. Retinol 20000 Anti-Aging (Shahebazuddin)",https://nilgiristores.in/wp-content/uploads/2024/10/s-l500-89.webp,60000,0595a50beb35,Anti-ageing,30days,30days,,,,,,simple,single,,,product-simple.html,,
